rank,title,developer,source,rank_source,app_id,store_url,logo_file
"1","ChatGPT","OpenAI","google_play","TOP_FREE","com.openai.chatgpt","https://play.google.com/store/apps/details?id=com.openai.chatgpt","001_ChatGPT.png"
"2","GoTyme Bank | South Africa","Tyme Bank Ltd.","google_play","TOP_FREE","za.co.gotyme","https://play.google.com/store/apps/details?id=za.co.gotyme","002_GoTyme_Bank_South_Africa.png"
"3","TikTok Lite - Save Data","TikTok Pte. Ltd.","google_play","TOP_FREE","com.zhiliaoapp.musically.go","https://play.google.com/store/apps/details?id=com.zhiliaoapp.musically.go","003_TikTok_Lite_-_Save_Data.png"
"4","Temu: Shop Like a Billionaire","Temu","google_play","TOP_FREE","com.einnovation.temu","https://play.google.com/store/apps/details?id=com.einnovation.temu","004_Temu_Shop_Like_a_Billionaire.png"
"5","SHEIN-Shopping Online","Roadget Business PTE. LTD.","google_play","TOP_FREE","com.zzkko","https://play.google.com/store/apps/details?id=com.zzkko","005_SHEIN-Shopping_Online.png"
"6","WhatsApp Messenger","WhatsApp LLC","google_play","TOP_FREE","com.whatsapp","https://play.google.com/store/apps/details?id=com.whatsapp","006_WhatsApp_Messenger.png"
"7","Moviebox HD：Watch TV&short","YC.TECH","google_play","TOP_FREE","com.gargan.abismo","https://play.google.com/store/apps/details?id=com.gargan.abismo","007_Moviebox_HD：Watch_TV&short.png"
"8","Facebook Lite","Meta Platforms, Inc.","google_play","TOP_FREE","com.facebook.lite","https://play.google.com/store/apps/details?id=com.facebook.lite","008_Facebook_Lite.png"
"9","Capitec Bank","Capitec Bank","google_play","TOP_FREE","capitec.acuity.mobile.prod","https://play.google.com/store/apps/details?id=capitec.acuity.mobile.prod","009_Capitec_Bank.png"
"10","SHAREit: Transfer, Share Files","Smart Media4U Technology Pte.Ltd.","google_play","TOP_FREE","com.lenovo.anyshare.gps","https://play.google.com/store/apps/details?id=com.lenovo.anyshare.gps","010_SHAREit_Transfer,_Share_Files.png"
"11","ReelShort - Stream Drama & TV","NewLeaf Publishing","google_play","TOP_FREE","com.newleaf.app.android.victor","https://play.google.com/store/apps/details?id=com.newleaf.app.android.victor","011_ReelShort_-_Stream_Drama_&_TV.png"
"12","TikTok","TikTok Pte. Ltd.","google_play","TOP_FREE","com.zhiliaoapp.musically","https://play.google.com/store/apps/details?id=com.zhiliaoapp.musically","012_TikTok.png"
"13","WhatsApp Business","WhatsApp LLC","google_play","TOP_FREE","com.whatsapp.w4b","https://play.google.com/store/apps/details?id=com.whatsapp.w4b","013_WhatsApp_Business.png"
"14","CapCut: Photo & Video Editor","Bytedance Pte. Ltd.","google_play","TOP_FREE","com.lemon.lvoverseas","https://play.google.com/store/apps/details?id=com.lemon.lvoverseas","014_CapCut_Photo_&_Video_Editor.png"
"15","Pi.za","MTN South Africa","google_play","TOP_FREE","com.mtn.pi","https://play.google.com/store/apps/details?id=com.mtn.pi","015_Pi.za.png"
"16","MTN App ZA","MTN South Africa","google_play","TOP_FREE","com.mtnapp","https://play.google.com/store/apps/details?id=com.mtnapp","016_MTN_App_ZA.png"
"17","Spotify: Music and Podcasts","Spotify AB","google_play","TOP_FREE","com.spotify.music","https://play.google.com/store/apps/details?id=com.spotify.music","017_Spotify_Music_and_Podcasts.png"
"18","Opera Mini: Fast Web Browser","Opera","google_play","TOP_FREE","com.opera.mini.native","https://play.google.com/store/apps/details?id=com.opera.mini.native","018_Opera_Mini_Fast_Web_Browser.png"
"19","SABC+","SABC SOC LTD","google_play","TOP_FREE","tv.sabcplus.vod","https://play.google.com/store/apps/details?id=tv.sabcplus.vod","019_SABC+.png"
"20","Instagram","Instagram","google_play","TOP_FREE","com.instagram.android","https://play.google.com/store/apps/details?id=com.instagram.android","020_Instagram.png"
"21","Bolt: Request a Ride","Bolt Technology","google_play","TOP_FREE","ee.mtakso.client","https://play.google.com/store/apps/details?id=ee.mtakso.client","021_Bolt_Request_a_Ride.png"
"22","Gauth: AI Study Companion","GauthTech Pte. Ltd.","google_play","TOP_FREE","com.education.android.h.intelligence","https://play.google.com/store/apps/details?id=com.education.android.h.intelligence","022_Gauth_AI_Study_Companion.png"
"23","Facebook","Meta Platforms, Inc.","google_play","TOP_FREE","com.facebook.katana","https://play.google.com/store/apps/details?id=com.facebook.katana","023_Facebook.png"
"24","Snapchat","Snap Inc","google_play","TOP_FREE","com.snapchat.android","https://play.google.com/store/apps/details?id=com.snapchat.android","024_Snapchat.png"
"25","Music Player & MP3 - DDMusic","Hitchhike Tech","google_play","TOP_FREE","musicplayer.playmusic.audioplayer","https://play.google.com/store/apps/details?id=musicplayer.playmusic.audioplayer","025_Music_Player_&_MP3_-_DDMusic.png"
"26","Betway Scores - Scores & News","SportCC","google_play","TOP_FREE","com.betway.scores.android","https://play.google.com/store/apps/details?id=com.betway.scores.android","026_Betway_Scores_-_Scores_&_News.png"
"27","Truecaller: Caller ID & Block","Truecaller","google_play","TOP_FREE","com.truecaller","https://play.google.com/store/apps/details?id=com.truecaller","027_Truecaller_Caller_ID_&_Block.png"
"28","Shazam: Discover Songs","Apple Inc.","google_play","TOP_FREE","com.shazam.android","https://play.google.com/store/apps/details?id=com.shazam.android","028_Shazam_Discover_Songs.png"
"29","HotMiniDrama","Tasawq","google_play","TOP_FREE","com.hotmini.drama.hot","https://play.google.com/store/apps/details?id=com.hotmini.drama.hot","029_HotMiniDrama.png"
"30","Amazon Shopping","Amazon Mobile LLC","google_play","TOP_FREE","com.amazon.mShop.android.shopping","https://play.google.com/store/apps/details?id=com.amazon.mShop.android.shopping","030_Amazon_Shopping.png"
"31","VodaPay","Vodacom Pty Ltd","google_play","TOP_FREE","za.co.vodacom.vodapay","https://play.google.com/store/apps/details?id=za.co.vodacom.vodapay","031_VodaPay.png"
"32","Control Widget: Theme & Panels","WECHOICE MOBILE","google_play","TOP_FREE","com.control.widget.custom.panel.wallpaper.pack","https://play.google.com/store/apps/details?id=com.control.widget.custom.panel.wallpaper.pack","032_Control_Widget_Theme_&_Panels.png"
"33","inDrive. Rides with fair fares","® SUOL INNOVATIONS LTD","google_play","TOP_FREE","sinet.startup.inDriver","https://play.google.com/store/apps/details?id=sinet.startup.inDriver","033_inDrive._Rides_with_fair_fares.png"
"34","Canva: AI Photo & Video Editor","Canva","google_play","TOP_FREE","com.canva.editor","https://play.google.com/store/apps/details?id=com.canva.editor","034_Canva_AI_Photo_&_Video_Editor.png"
"35","ShortMax - Watch Dramas & Show","SHORTMAX LIMITED","google_play","TOP_FREE","live.shorttv.apps","https://play.google.com/store/apps/details?id=live.shorttv.apps","035_ShortMax_-_Watch_Dramas_&_Show.png"
"36","NetShort - Popular Dramas & TV","NETSTORY PTE. LTD.","google_play","TOP_FREE","com.netshort.abroad","https://play.google.com/store/apps/details?id=com.netshort.abroad","036_NetShort_-_Popular_Dramas_&_TV.png"
"37","Music Downloader & Mp3 Player","Video Downloader & Player AppTool","google_play","TOP_FREE","com.musicdownload.appmusicdownloader20252","https://play.google.com/store/apps/details?id=com.musicdownload.appmusicdownloader20252","037_Music_Downloader_&_Mp3_Player.png"
"38","Instagram Lite","Instagram","google_play","TOP_FREE","com.instagram.lite","https://play.google.com/store/apps/details?id=com.instagram.lite","038_Instagram_Lite.png"
"39","Uber - Request a ride","Uber Technologies, Inc.","google_play","TOP_FREE","com.ubercab","https://play.google.com/store/apps/details?id=com.ubercab","039_Uber_-_Request_a_ride.png"
"40","Google Gemini","Google LLC","google_play","TOP_FREE","com.google.android.apps.bard","https://play.google.com/store/apps/details?id=com.google.android.apps.bard","040_Google_Gemini.png"
"41","DStv Stream","MultiChoice Support Services (Pty) Ltd","google_play","TOP_FREE","com.dstvmobile.android","https://play.google.com/store/apps/details?id=com.dstvmobile.android","041_DStv_Stream.png"
"42","Netflix","Netflix, Inc.","google_play","TOP_FREE","com.netflix.mediaclient","https://play.google.com/store/apps/details?id=com.netflix.mediaclient","042_Netflix.png"
"43","Takealot – Online Shopping App","Takealot","google_play","TOP_FREE","fi.android.takealot","https://play.google.com/store/apps/details?id=fi.android.takealot","043_Takealot_–_Online_Shopping_App.png"
"44","Pick n Pay asap + SmartShopper","PnP Omnichannel","google_play","TOP_FREE","za.co.pnp.smartshopper","https://play.google.com/store/apps/details?id=za.co.pnp.smartshopper","044_Pick_n_Pay_asap_+_SmartShopper.png"
"45","Music and Video Downloader","Vidpal Apps Studio","google_play","TOP_FREE","free.video.downloader.freevideodownloader2021.video.saver.videosaverlite","https://play.google.com/store/apps/details?id=free.video.downloader.freevideodownloader2021.video.saver.videosaverlite","045_Music_and_Video_Downloader.png"
"46","RecoverPro-File Recovery","RK Ventures","google_play","TOP_FREE","com.bill.ricecook.recoverpro","https://play.google.com/store/apps/details?id=com.bill.ricecook.recoverpro","046_RecoverPro-File_Recovery.png"
"47","PDF Reader – PDF Viewer","EZTech Apps","google_play","TOP_FREE","com.ezt.pdfreader.pdfviewer","https://play.google.com/store/apps/details?id=com.ezt.pdfreader.pdfviewer","047_PDF_Reader_–_PDF_Viewer.png"
"48","LiveScore: Live Sports Scores","LiveScore Limited","google_play","TOP_FREE","com.livescore","https://play.google.com/store/apps/details?id=com.livescore","048_LiveScore_Live_Sports_Scores.png"
"49","Status Saver - Video Saver","Save Status, Video & Image Downloader","google_play","TOP_FREE","statussaver.statusdownloader.downloadstatus.videoimagesaver","https://play.google.com/store/apps/details?id=statussaver.statusdownloader.downloadstatus.videoimagesaver","049_Status_Saver_-_Video_Saver.png"
"50","YouVersion Bible App + Audio","Life.Church","google_play","TOP_FREE","com.sirma.mobile.bible.android","https://play.google.com/store/apps/details?id=com.sirma.mobile.bible.android","050_YouVersion_Bible_App_+_Audio.png"
"51","Checkers Sixty60","Shoprite Checkers (PTY) LTD","google_play","TOP_FREE","za.co.shoprite.sixty60","https://play.google.com/store/apps/details?id=za.co.shoprite.sixty60","051_Checkers_Sixty60.png"
"52","PhotoRevive","Graduate Jobs","google_play","TOP_FREE","com.dangertop.recovery.file","https://play.google.com/store/apps/details?id=com.dangertop.recovery.file","052_PhotoRevive.png"
"53","Messenger","Meta Platforms, Inc.","google_play","TOP_FREE","com.facebook.orca","https://play.google.com/store/apps/details?id=com.facebook.orca","053_Messenger.png"
"54","TymeBank","Tyme Bank Ltd.","google_play","TOP_FREE","consumer.cbsa.smartapp","https://play.google.com/store/apps/details?id=consumer.cbsa.smartapp","054_TymeBank.png"
"55","PDF Reader, Editor, Converter","EAGLE APPS","google_play","TOP_FREE","com.pdfviewer.pdfreader.eagle.apps","https://play.google.com/store/apps/details?id=com.pdfviewer.pdfreader.eagle.apps","055_PDF_Reader,_Editor,_Converter.png"
"56","FastSave: Music & Video","FastSave LLC","google_play","TOP_FREE","com.fastsave.app","https://play.google.com/store/apps/details?id=com.fastsave.app","056_FastSave_Music_&_Video.png"
"57","Music Downloader Mp3 Download","music download player Inc","google_play","TOP_FREE","com.freemusic.download.ddplmnb","https://play.google.com/store/apps/details?id=com.freemusic.download.ddplmnb","057_Music_Downloader_Mp3_Download.png"
"58","All Video Downloader & Player","QR Code Scanner.","google_play","TOP_FREE","videoplayer.videodownloader.downloader","https://play.google.com/store/apps/details?id=videoplayer.videodownloader.downloader","058_All_Video_Downloader_&_Player.png"
"59","Nedbank Money","Nedbank Limited","google_play","TOP_FREE","za.co.nedbank","https://play.google.com/store/apps/details?id=za.co.nedbank","059_Nedbank_Money.png"
"60","SHAREit Lite - Fast File Share","Smart Media4U Technology Pte.Ltd.","google_play","TOP_FREE","shareit.lite","https://play.google.com/store/apps/details?id=shareit.lite","060_SHAREit_Lite_-_Fast_File_Share.png"
"61","Uber Eats: Food Delivery","Uber Technologies, Inc.","google_play","TOP_FREE","com.ubercab.eats","https://play.google.com/store/apps/details?id=com.ubercab.eats","061_Uber_Eats_Food_Delivery.png"
"62","Google Wallet","Google LLC","google_play","TOP_FREE","com.google.android.apps.walletnfcrel","https://play.google.com/store/apps/details?id=com.google.android.apps.walletnfcrel","062_Google_Wallet.png"
"63","bash","The Foschini Group","google_play","TOP_FREE","com.bash.prod","https://play.google.com/store/apps/details?id=com.bash.prod","063_bash.png"
"64","Status Saver・Status Downloader","Save Status, Video & Image Downloader","google_play","TOP_FREE","savestatus.videodownloader.storysaver.statuskeeper","https://play.google.com/store/apps/details?id=savestatus.videodownloader.storysaver.statuskeeper","064_Status_Saver・Status_Downloader.png"
"65","FNB Banking App","FirstRand Bank Limited.","google_play","TOP_FREE","za.co.fnb.connect.itt","https://play.google.com/store/apps/details?id=za.co.fnb.connect.itt","065_FNB_Banking_App.png"
"66","PayJustNow","PayJustNow","google_play","TOP_FREE","com.payjustnow","https://play.google.com/store/apps/details?id=com.payjustnow","066_PayJustNow.png"
"67","Hollywood Athletics Club","HOLLYWOOD SPORTSBOOK GAUTENG (PTY) LTD","google_play","TOP_FREE","com.betsoftware.hollywoodathleticsclub","https://play.google.com/store/apps/details?id=com.betsoftware.hollywoodathleticsclub","067_Hollywood_Athletics_Club.png"
"68","Candy Race Launcher","Gamnest","google_play","TOP_FREE","com.Gamnest.CandyRace","https://play.google.com/store/apps/details?id=com.Gamnest.CandyRace","068_Candy_Race_Launcher.png"
"69","MoyaApp","Moya App (Pty) Ltd","google_play","TOP_FREE","nu.bi.moya","https://play.google.com/store/apps/details?id=nu.bi.moya","069_MoyaApp.png"
"70","AI Cleaner - Storage Cleaner","GRIMLAX TRADE, S.L.","google_play","TOP_FREE","ai.storage.cleaner.app","https://play.google.com/store/apps/details?id=ai.storage.cleaner.app","070_AI_Cleaner_-_Storage_Cleaner.png"
"71","Status Saver - Save Status","Lite Media","google_play","TOP_FREE","statussaver.statusdownloader.videodownloader","https://play.google.com/store/apps/details?id=statussaver.statusdownloader.videodownloader","071_Status_Saver_-_Save_Status.png"
"72","AllTrails: Hike, Bike & Run","AllTrails, LLC","google_play","TOP_FREE","com.alltrails.alltrails","https://play.google.com/store/apps/details?id=com.alltrails.alltrails","072_AllTrails_Hike,_Bike_&_Run.png"
"73","Mr D Food & Grocery Delivery","Mr Delivery (Pty) Ltd Play Store","google_play","TOP_FREE","com.mrd.food","https://play.google.com/store/apps/details?id=com.mrd.food","073_Mr_D_Food_&_Grocery_Delivery.png"
"74","Absa Banking App","Absa Group Limited.","google_play","TOP_FREE","com.barclays.absa.banking","https://play.google.com/store/apps/details?id=com.barclays.absa.banking","074_Absa_Banking_App.png"
"75","WellLog: Health Log - HR & BP","You Only Live Once Studio","google_play","TOP_FREE","com.blood.pressure.sugar.well.log","https://play.google.com/store/apps/details?id=com.blood.pressure.sugar.well.log","075_WellLog_Health_Log_-_HR_&_BP.png"
"76","App Lock - Applock Fingerprint","Trusted Tools","google_play","TOP_FREE","applock.lockapps.fingerprint.password.lockit","https://play.google.com/store/apps/details?id=applock.lockapps.fingerprint.password.lockit","076_App_Lock_-_Applock_Fingerprint.png"
"77","PayPal - Pay, Send, Save","PayPal Mobile","google_play","TOP_FREE","com.paypal.android.p2pmobile","https://play.google.com/store/apps/details?id=com.paypal.android.p2pmobile","077_PayPal_-_Pay,_Send,_Save.png"
"78","Phoenix - Fast & Safe","Colorful Point","google_play","TOP_FREE","com.transsion.phoenix","https://play.google.com/store/apps/details?id=com.transsion.phoenix","078_Phoenix_-_Fast_&_Safe.png"
"79","videous lite","devsss 2222","google_play","TOP_FREE","com.videoflow.filevideo.player","https://play.google.com/store/apps/details?id=com.videoflow.filevideo.player","079_videous_lite.png"
"80","Moviebox: PlayShort Drama","BrightLens Apps","google_play","TOP_FREE","com.moviebox2.dramabox.hr","https://play.google.com/store/apps/details?id=com.moviebox2.dramabox.hr","080_Moviebox_PlayShort_Drama.png"
"81","Video Editor & Maker - InShot","InShot Video Editor","google_play","TOP_FREE","com.camerasideas.instashot","https://play.google.com/store/apps/details?id=com.camerasideas.instashot","081_Video_Editor_&_Maker_-_InShot.png"
"82","Viu - Mzansi's Favourite Shows","Vuclip Mobile Video","google_play","TOP_FREE","com.vuclip.viu","https://play.google.com/store/apps/details?id=com.vuclip.viu","082_Viu_-_Mzansi's_Favourite_Shows.png"
"83","Tubidy Mp3 Music Downloader","Friends Apps Forever","google_play","TOP_FREE","com.tubidy.com.mp3musicdownload.app.cc","https://play.google.com/store/apps/details?id=com.tubidy.com.mp3musicdownload.app.cc","083_Tubidy_Mp3_Music_Downloader.png"
"84","Pinterest","Pinterest","google_play","TOP_FREE","com.pinterest","https://play.google.com/store/apps/details?id=com.pinterest","084_Pinterest.png"
"85","AliExpress - Shopping App","Alibaba Mobile","google_play","TOP_FREE","com.alibaba.aliexpresshd","https://play.google.com/store/apps/details?id=com.alibaba.aliexpresshd","085_AliExpress_-_Shopping_App.png"
"86","Tubidy Music Mp3 Downloader","TubidyCloud","google_play","TOP_FREE","com.tubidy.fm.mp3musicdownloader.apk.download","https://play.google.com/store/apps/details?id=com.tubidy.fm.mp3musicdownloader.apk.download","086_Tubidy_Music_Mp3_Downloader.png"
"87","DJ Music mixer - DJ Mix Studio","Easyelife","google_play","TOP_FREE","dj.music.mixer.sound.effects","https://play.google.com/store/apps/details?id=dj.music.mixer.sound.effects","087_DJ_Music_mixer_-_DJ_Mix_Studio.png"
"88","MP3 Downloader - Music Player","Ultimate Video Downloader - Media Player","google_play","TOP_FREE","tubidy.videodownloader.musicdownloader","https://play.google.com/store/apps/details?id=tubidy.videodownloader.musicdownloader","088_MP3_Downloader_-_Music_Player.png"
"89","Music Downloader & MP3 Downloa","Music Team.","google_play","TOP_FREE","com.music.tubemusic.cc123","https://play.google.com/store/apps/details?id=com.music.tubemusic.cc123","089_Music_Downloader_&_MP3_Downloa.png"
"90","Standard Bank / Stanbic Bank","Standard Bank / Stanbic Bank","google_play","TOP_FREE","com.sbg.mobile.phone","https://play.google.com/store/apps/details?id=com.sbg.mobile.phone","090_Standard_Bank_Stanbic_Bank.png"
"91","DramaBox - Stream Drama Shorts","STORYMATRIX","google_play","TOP_FREE","com.storymatrix.drama","https://play.google.com/store/apps/details?id=com.storymatrix.drama","091_DramaBox_-_Stream_Drama_Shorts.png"
"92","Meta AI - Assistant & Glasses","Meta Platforms, Inc.","google_play","TOP_FREE","com.facebook.stella","https://play.google.com/store/apps/details?id=com.facebook.stella","092_Meta_AI_-_Assistant_&_Glasses.png"
"93","AI Chatbot - Nova","ScaleUp","google_play","TOP_FREE","com.scaleup.chatai","https://play.google.com/store/apps/details?id=com.scaleup.chatai","093_AI_Chatbot_-_Nova.png"
"94","YouTube Kids","Google LLC","google_play","TOP_FREE","com.google.android.apps.youtube.kids","https://play.google.com/store/apps/details?id=com.google.android.apps.youtube.kids","094_YouTube_Kids.png"
"95","Spur Family Club","Spur Steak Ranches","google_play","TOP_FREE","com.gloo.familycard","https://play.google.com/store/apps/details?id=com.gloo.familycard","095_Spur_Family_Club.png"
"96","KFC South Africa","KFC South Africa New","google_play","TOP_FREE","com.kfc.sa","https://play.google.com/store/apps/details?id=com.kfc.sa","096_KFC_South_Africa.png"
"97","X","X Corp.","google_play","TOP_FREE","com.twitter.android","https://play.google.com/store/apps/details?id=com.twitter.android","097_X.png"
"98","Mama Money: Money Transfer App","Mama Money","google_play","TOP_FREE","com.ionicframework.mamamoneyfamilyapp600848","https://play.google.com/store/apps/details?id=com.ionicframework.mamamoneyfamilyapp600848","098_Mama_Money_Money_Transfer_App.png"
"99","GPS Maps Voice Navigation","MINDBYTE STUDIOS PRIVATE LIMITED","google_play","TOP_FREE","com.voicenavigation.gpslocation.routefinder.mapdirection","https://play.google.com/store/apps/details?id=com.voicenavigation.gpslocation.routefinder.mapdirection","099_GPS_Maps_Voice_Navigation.png"
"100","SportyTV: Live Sports Stream","Sporty Group","google_play","TOP_FREE","com.sporty.android","https://play.google.com/store/apps/details?id=com.sporty.android","100_SportyTV_Live_Sports_Stream.png"
"101","Payflex","Payflex (Pty) Ltd 2","google_play","TOP_FREE","za.co.payflex.app.payflex_app","https://play.google.com/store/apps/details?id=za.co.payflex.app.payflex_app","101_Payflex.png"
"102","Woolworths","Woolworths SA","google_play","TOP_FREE","com.awfs.coordination","https://play.google.com/store/apps/details?id=com.awfs.coordination","102_Woolworths.png"
"103","QR & Barcode Scanner","Gamma Play","google_play","TOP_FREE","com.gamma.scan","https://play.google.com/store/apps/details?id=com.gamma.scan","103_QR_&_Barcode_Scanner.png"
"104","Pocket Broker","Pocket Investments LLC","google_play","TOP_FREE","com.potradeweb","https://play.google.com/store/apps/details?id=com.potradeweb","104_Pocket_Broker.png"
"105","ExpressVPN: VPN Fast & Secure","ExpressVPN","google_play","TOP_FREE","com.expressvpn.vpn","https://play.google.com/store/apps/details?id=com.expressvpn.vpn","105_ExpressVPN_VPN_Fast_&_Secure.png"
"106","JustPlay: Earn Money or Donate","JustPlay GmbH","google_play","TOP_FREE","com.justplay.app","https://play.google.com/store/apps/details?id=com.justplay.app","106_JustPlay_Earn_Money_or_Donate.png"
"107","Haircut Prank - Hair Clipper","Smart Utilities Hub","google_play","TOP_FREE","com.haircut.hairclipper.razor.shaver.pranksound","https://play.google.com/store/apps/details?id=com.haircut.hairclipper.razor.shaver.pranksound","107_Haircut_Prank_-_Hair_Clipper.png"
"108","Crunchyroll: Anime Streaming","Crunchyroll, LLC","google_play","TOP_FREE","com.crunchyroll.crunchyroid","https://play.google.com/store/apps/details?id=com.crunchyroll.crunchyroid","108_Crunchyroll_Anime_Streaming.png"
"109","Phone Tracker GPS Location","Esame Marketing Limited","google_play","TOP_FREE","com.phonetracker.family.gpslocation","https://play.google.com/store/apps/details?id=com.phonetracker.family.gpslocation","109_Phone_Tracker_GPS_Location.png"
"110","Mp3 Music Downloader all songs","Fast Mp3 Music Download Offline Apps","google_play","TOP_FREE","com.tab.descargar.mp3.music.downloader.download.all.gratis.app","https://play.google.com/store/apps/details?id=com.tab.descargar.mp3.music.downloader.download.all.gratis.app","110_Mp3_Music_Downloader_all_songs.png"
"111","Claude by Anthropic","Anthropic PBC","google_play","TOP_FREE","com.anthropic.claude","https://play.google.com/store/apps/details?id=com.anthropic.claude","111_Claude_by_Anthropic.png"
"112","Music & Video Downloader HD","Generation z apps","google_play","TOP_FREE","com.playvid.hdvideoplayer","https://play.google.com/store/apps/details?id=com.playvid.hdvideoplayer","112_Music_&_Video_Downloader_HD.png"
"113","Music Player, Play MP3","ChitChat, LLC","google_play","TOP_FREE","com.chitchat.lite.music","https://play.google.com/store/apps/details?id=com.chitchat.lite.music","113_Music_Player,_Play_MP3.png"
"114","Video Downloader - HD & Easy","360 Tool","google_play","TOP_FREE","videodownloader.downloader.videoplayer","https://play.google.com/store/apps/details?id=videodownloader.downloader.videoplayer","114_Video_Downloader_-_HD_&_Easy.png"
"115","Find Your Phone with Clap","GoTechnology Global","google_play","TOP_FREE","claptofindmyphone.phonefinder.clapgo","https://play.google.com/store/apps/details?id=claptofindmyphone.phonefinder.clapgo","115_Find_Your_Phone_with_Clap.png"
"116","Movies Drama & TV series: Info","Global Media Studio","google_play","TOP_FREE","infoguide.movies.trailers.dramas.tvshows.webseries","https://play.google.com/store/apps/details?id=infoguide.movies.trailers.dramas.tvshows.webseries","116_Movies_Drama_&_TV_series_Info.png"
"117","Sweatcoin・Walking Step Counter","Sweatco Ltd","google_play","TOP_FREE","in.sweatco.app","https://play.google.com/store/apps/details?id=in.sweatco.app","117_Sweatcoin・Walking_Step_Counter.png"
"118","McDonald's","McDonald's Apps","google_play","TOP_FREE","com.mcdonalds.mobileapp","https://play.google.com/store/apps/details?id=com.mcdonalds.mobileapp","118_McDonald's.png"
"119","Wiro Browser: Fast & Private","Black King Bar","google_play","TOP_FREE","com.fast.secure.browser.vpn.downloader.ai","https://play.google.com/store/apps/details?id=com.fast.secure.browser.vpn.downloader.ai","119_Wiro_Browser_Fast_&_Private.png"
"120","CallApp: Caller ID & Block","CallApp Caller ID, Call Recorder & Spam Blocker","google_play","TOP_FREE","com.callapp.contacts","https://play.google.com/store/apps/details?id=com.callapp.contacts","120_CallApp_Caller_ID_&_Block.png"
"121","Movie Box","MovieBox Group","google_play","TOP_FREE","com.enjoy.moviebox","https://play.google.com/store/apps/details?id=com.enjoy.moviebox","121_Movie_Box.png"
"122","DramaWave - Dramas & Reels","SKYWORK AI PTE.LTD.","google_play","TOP_FREE","com.dramawave.app","https://play.google.com/store/apps/details?id=com.dramawave.app","122_DramaWave_-_Dramas_&_Reels.png"
"123","VLC for Android","Videolabs","google_play","TOP_FREE","org.videolan.vlc","https://play.google.com/store/apps/details?id=org.videolan.vlc","123_VLC_for_Android.png"
"124","Downloader by AFTVnews","AFTVnews.com","google_play","TOP_FREE","com.esaba.downloader","https://play.google.com/store/apps/details?id=com.esaba.downloader","124_Downloader_by_AFTVnews.png"
"125","PDF Reader & Editor, PDF-leser","QR Code Scanner.","google_play","TOP_FREE","pdf.pdfreader.viewer.editor.free","https://play.google.com/store/apps/details?id=pdf.pdfreader.viewer.editor.free","125_PDF_Reader_&_Editor,_PDF-leser.png"
"126","Zipper Lock Screen & Wallpaper","Creative Apps Studio LTD","google_play","TOP_FREE","zipper.lockscreens.customize.wallpaper","https://play.google.com/store/apps/details?id=zipper.lockscreens.customize.wallpaper","126_Zipper_Lock_Screen_&_Wallpaper.png"
"127","Drum Pads - Beat Maker Go","Gismart","google_play","TOP_FREE","com.gismart.drum.pads.machine","https://play.google.com/store/apps/details?id=com.gismart.drum.pads.machine","127_Drum_Pads_-_Beat_Maker_Go.png"
"128","1Voucher","Flash Group - SA","google_play","TOP_FREE","onevoucher.flash.com.a1voucher","https://play.google.com/store/apps/details?id=onevoucher.flash.com.a1voucher","128_1Voucher.png"
"129","Offline Music Player: Play MP3","Dairy App & Notes & Audio Editor & Voice Recorder","google_play","TOP_FREE","mymusic.offlinemusicplayer.mp3player.playmusic","https://play.google.com/store/apps/details?id=mymusic.offlinemusicplayer.mp3player.playmusic","129_Offline_Music_Player_Play_MP3.png"
"130","All Movies Downloader","Dantech limited.","google_play","TOP_FREE","com.dantech.all_movies_downloader_v2","https://play.google.com/store/apps/details?id=com.dantech.all_movies_downloader_v2","130_All_Movies_Downloader.png"
"131","GB News","GB News","google_play","TOP_FREE","uk.gbnews.app","https://play.google.com/store/apps/details?id=uk.gbnews.app","131_GB_News.png"
"132","TickTock-TikTok Live Wallpaper","TikTok Pte. Ltd.","google_play","TOP_FREE","com.zhiliao.musically.livewallpaper","https://play.google.com/store/apps/details?id=com.zhiliao.musically.livewallpaper","132_TickTock-TikTok_Live_Wallpaper.png"
"133","SimpleStudy: Study & Exam Prep","Simple Study","google_play","TOP_FREE","com.app.simplestudy","https://play.google.com/store/apps/details?id=com.app.simplestudy","133_SimpleStudy_Study_&_Exam_Prep.png"
"134","MyDStv","MultiChoice Support Services (Pty) Ltd","google_play","TOP_FREE","com.multichoice.mydstv.thiane","https://play.google.com/store/apps/details?id=com.multichoice.mydstv.thiane","134_MyDStv.png"
"135","Waze Navigation & Live Traffic","Waze","google_play","TOP_FREE","com.waze","https://play.google.com/store/apps/details?id=com.waze","135_Waze_Navigation_&_Live_Traffic.png"
"136","Funny Prank Sounds: Fart, Horn","Lite Media","google_play","TOP_FREE","pranksounds.airhorn.haircut.fart.funnysounds","https://play.google.com/store/apps/details?id=pranksounds.airhorn.haircut.fart.funnysounds","136_Funny_Prank_Sounds_Fart,_Horn.png"
"137","Bible Chat: Holy Bible Study","Bookvitals","google_play","TOP_FREE","com.basmo.BibleChat","https://play.google.com/store/apps/details?id=com.basmo.BibleChat","137_Bible_Chat_Holy_Bible_Study.png"
"138","Future Self™: AI Face Aging","AMOBEAR TECHNOLOGY GROUP","google_play","TOP_FREE","com.facechanger.agingapp.futureself","https://play.google.com/store/apps/details?id=com.facechanger.agingapp.futureself","138_Future_Self™_AI_Face_Aging.png"
"139","Clue Cycle & Period Tracker","Clue Period Tracker by BioWink","google_play","TOP_FREE","com.clue.android","https://play.google.com/store/apps/details?id=com.clue.android","139_Clue_Cycle_&_Period_Tracker.png"
"140","Vid-matè All Video Downloader","Vidmart Inc.","google_play","TOP_FREE","com.vdmx.mxvapp","https://play.google.com/store/apps/details?id=com.vdmx.mxvapp","140_Vid-matè_All_Video_Downloader.png"
"141","App Lock - Fingerprint Lock","360 Tool","google_play","TOP_FREE","applock.lockapps.fingerprint.password.applocker","https://play.google.com/store/apps/details?id=applock.lockapps.fingerprint.password.applocker","141_App_Lock_-_Fingerprint_Lock.png"
"142","Files by Google","Google LLC","google_play","TOP_FREE","com.google.android.apps.nbu.files","https://play.google.com/store/apps/details?id=com.google.android.apps.nbu.files","142_Files_by_Google.png"
"143","Movie Box LLC","MOVIE BOX LLC","google_play","TOP_FREE","com.moviebox.entertainment","https://play.google.com/store/apps/details?id=com.moviebox.entertainment","143_Movie_Box_LLC.png"
"144","SPlayer - Fast Video Player","S Media Team","google_play","TOP_FREE","com.ttee.leeplayer","https://play.google.com/store/apps/details?id=com.ttee.leeplayer","144_SPlayer_-_Fast_Video_Player.png"
"145","X Video Downloader - HD Player","Media Studio Inc - All Video Downloader Apps","google_play","TOP_FREE","com.mediastudio.allvideodownloader.downloadvideoshd.bestdownloader","https://play.google.com/store/apps/details?id=com.mediastudio.allvideodownloader.downloadvideoshd.bestdownloader","145_X_Video_Downloader_-_HD_Player.png"
"146","Shoprite SA","Shoprite Checkers (PTY) LTD","google_play","TOP_FREE","za.co.shoprite.shopriteeezicoupon","https://play.google.com/store/apps/details?id=za.co.shoprite.shopriteeezicoupon","146_Shoprite_SA.png"
"147","Microsoft Teams","Microsoft Corporation","google_play","TOP_FREE","com.microsoft.teams","https://play.google.com/store/apps/details?id=com.microsoft.teams","147_Microsoft_Teams.png"
"148","adidas: Shop Shoes & Clothing","adidas","google_play","TOP_FREE","com.adidas.app","https://play.google.com/store/apps/details?id=com.adidas.app","148_adidas_Shop_Shoes_&_Clothing.png"
"149","Suno - AI Music & Songs Maker","Suno, Inc","google_play","TOP_FREE","com.suno.android","https://play.google.com/store/apps/details?id=com.suno.android","149_Suno_-_AI_Music_&_Songs_Maker.png"
"150","SPAR2U","The SPAR Group Ltd","google_play","TOP_FREE","za.co.spar2u","https://play.google.com/store/apps/details?id=za.co.spar2u","150_SPAR2U.png"
"151","Status Saver - Download Status","Office Tools.","google_play","TOP_FREE","com.downloadwhatsappstatus.statussaver.videodownloader","https://play.google.com/store/apps/details?id=com.downloadwhatsappstatus.statussaver.videodownloader","151_Status_Saver_-_Download_Status.png"
"152","Microsoft Word: Edit Documents","Microsoft Corporation","google_play","TOP_FREE","com.microsoft.office.word","https://play.google.com/store/apps/details?id=com.microsoft.office.word","152_Microsoft_Word_Edit_Documents.png"
"153","Debonairs Pizza","Famous Brands Ltd","google_play","TOP_FREE","mobi.debonairspizza.iosapp","https://play.google.com/store/apps/details?id=mobi.debonairspizza.iosapp","153_Debonairs_Pizza.png"
"154","Audiomack: Music Downloader","Audiomack Music Apps","google_play","TOP_FREE","com.audiomack","https://play.google.com/store/apps/details?id=com.audiomack","154_Audiomack_Music_Downloader.png"
"155","Proxy Browser","DS tools","google_play","TOP_FREE","proxy.browser.unblock.sites.proxybrowser.unblocksites","https://play.google.com/store/apps/details?id=proxy.browser.unblock.sites.proxybrowser.unblocksites","155_Proxy_Browser.png"
"156","IPTV Player - Smart Live TV","Johran Pastoon App","google_play","TOP_FREE","com.iptv.smarter.pro.tv.livetv","https://play.google.com/store/apps/details?id=com.iptv.smarter.pro.tv.livetv","156_IPTV_Player_-_Smart_Live_TV.png"
"157","Zeus & Plinko","Lampung Visual","google_play","TOP_FREE","com.logofly.lo","https://play.google.com/store/apps/details?id=com.logofly.lo","157_Zeus_&_Plinko.png"
"158","Cards - Mobile Wallet","Cards","google_play","TOP_FREE","com.cardsapp.android","https://play.google.com/store/apps/details?id=com.cardsapp.android","158_Cards_-_Mobile_Wallet.png"
"159","Makro Online Shopping","Makro SA (Pty) Ltd","google_play","TOP_FREE","za.co.makro.shopping","https://play.google.com/store/apps/details?id=za.co.makro.shopping","159_Makro_Online_Shopping.png"
"160","MePic－AI Photo Video Generator","Ocean Float Mobile","google_play","TOP_FREE","com.aieditor.artgen","https://play.google.com/store/apps/details?id=com.aieditor.artgen","160_MePic－AI_Photo_Video_Generator.png"
"161","Clicks","ClicksApp","google_play","TOP_FREE","za.co.deloittedigital.clicks","https://play.google.com/store/apps/details?id=za.co.deloittedigital.clicks","161_Clicks.png"
"162","MiniPay - Dollar Wallet","Opera","google_play","TOP_FREE","com.opera.minipay","https://play.google.com/store/apps/details?id=com.opera.minipay","162_MiniPay_-_Dollar_Wallet.png"
"163","Recover Photos & More","Smart Choices Limited","google_play","TOP_FREE","com.more.recover.photos","https://play.google.com/store/apps/details?id=com.more.recover.photos","163_Recover_Photos_&_More.png"
"164","LinkedIn: Community & Network","LinkedIn","google_play","TOP_FREE","com.linkedin.android","https://play.google.com/store/apps/details?id=com.linkedin.android","164_LinkedIn_Community_&_Network.png"
"165","Echoist — Offline Music","WAKStudios","google_play","TOP_FREE","com.eoist.mu","https://play.google.com/store/apps/details?id=com.eoist.mu","165_Echoist_—_Offline_Music.png"
"166","YouTube","Google LLC","google_play","TOP_FREE","com.google.android.youtube","https://play.google.com/store/apps/details?id=com.google.android.youtube","166_YouTube.png"
"167","Skins & Avatars Clothes Maker","Pixelvoid Games Ltd","google_play","TOP_FREE","roblox.clothes.skin.maker.editor","https://play.google.com/store/apps/details?id=roblox.clothes.skin.maker.editor","167_Skins_&_Avatars_Clothes_Maker.png"
"168","Duolingo: Language & Chess","Duolingo","google_play","TOP_FREE","com.duolingo","https://play.google.com/store/apps/details?id=com.duolingo","168_Duolingo_Language_&_Chess.png"
"169","Apple Music","Apple","google_play","TOP_FREE","com.apple.android.music","https://play.google.com/store/apps/details?id=com.apple.android.music","169_Apple_Music.png"
"170","YouTube Music","Google LLC","google_play","TOP_FREE","com.google.android.apps.youtube.music","https://play.google.com/store/apps/details?id=com.google.android.apps.youtube.music","170_YouTube_Music.png"
"171","Threads","Instagram","google_play","TOP_FREE","com.instagram.barcelona","https://play.google.com/store/apps/details?id=com.instagram.barcelona","171_Threads.png"
"172","BESTPLAY Play to earn & donate","Bestplay","google_play","TOP_FREE","com.bestplay.app","https://play.google.com/store/apps/details?id=com.bestplay.app","172_BESTPLAY_Play_to_earn_&_donate.png"
"173","Showmax","Showmax Africa Holdings Limited","google_play","TOP_FREE","com.showmax.showmax.google","https://play.google.com/store/apps/details?id=com.showmax.showmax.google","173_Showmax.png"
"174","Calculator","Notes - To Do List","google_play","TOP_FREE","com.calculator.currencyconverter","https://play.google.com/store/apps/details?id=com.calculator.currencyconverter","174_Calculator.png"
"175","Firefox Fast & Private Browser","Mozilla","google_play","TOP_FREE","org.mozilla.firefox","https://play.google.com/store/apps/details?id=org.mozilla.firefox","175_Firefox_Fast_&_Private_Browser.png"
"176","AiScore - Live Sports Scores","AiScore Sports","google_play","TOP_FREE","com.onesports.score","https://play.google.com/store/apps/details?id=com.onesports.score","176_AiScore_-_Live_Sports_Scores.png"
"177","Pocket FM: Audio Series","PocketFM","google_play","TOP_FREE","com.radio.pocketfm","https://play.google.com/store/apps/details?id=com.radio.pocketfm","177_Pocket_FM_Audio_Series.png"
"178","Radio South Africa Online","Radio FM Online Free","google_play","TOP_FREE","com.appmind.radios.za","https://play.google.com/store/apps/details?id=com.appmind.radios.za","178_Radio_South_Africa_Online.png"
"179","PS Remote Play Controller","Tool Apps Hub","google_play","TOP_FREE","psremoteplay.gamecontroller.playstream","https://play.google.com/store/apps/details?id=psremoteplay.gamecontroller.playstream","179_PS_Remote_Play_Controller.png"
"180","MatchLive: Football Live Score","Amazic Fun Hub","google_play","TOP_FREE","com.livescore.footballscores.matchlive","https://play.google.com/store/apps/details?id=com.livescore.footballscores.matchlive","180_MatchLive_Football_Live_Score.png"
"181","Live Wallpaper: 4K & Video","Easy Apps & Tools Lab","google_play","TOP_FREE","com.easyapp.tool.live.wallpaper","https://play.google.com/store/apps/details?id=com.easyapp.tool.live.wallpaper","181_Live_Wallpaper_4K_&_Video.png"
"182","Video Downloader","MobVidTool","google_play","TOP_FREE","com.vid_dl.lite","https://play.google.com/store/apps/details?id=com.vid_dl.lite","182_Video_Downloader.png"
"183","Prime Video","Amazon Mobile LLC","google_play","TOP_FREE","com.amazon.avod.thirdpartyclient","https://play.google.com/store/apps/details?id=com.amazon.avod.thirdpartyclient","183_Prime_Video.png"
"184","Disney+","Disney International Electronic Content, LLC","google_play","TOP_FREE","com.disneyplus.mea","https://play.google.com/store/apps/details?id=com.disneyplus.mea","184_Disney+.png"
"185","MTN MoMo SA","MTN South Africa","google_play","TOP_FREE","com.momosa","https://play.google.com/store/apps/details?id=com.momosa","185_MTN_MoMo_SA.png"
"186","eVOD","ETV Apps Support","google_play","TOP_FREE","com.brightcove.evod","https://play.google.com/store/apps/details?id=com.brightcove.evod","186_eVOD.png"
"187","Adobe Express: AI Photo, Video","Adobe","google_play","TOP_FREE","com.adobe.spark.post","https://play.google.com/store/apps/details?id=com.adobe.spark.post","187_Adobe_Express_AI_Photo,_Video.png"
"188","Bolt Driver: Drive & Earn","Bolt Technology","google_play","TOP_FREE","ee.mtakso.driver","https://play.google.com/store/apps/details?id=ee.mtakso.driver","188_Bolt_Driver_Drive_&_Earn.png"
"189","Device Homescreen - Fluent","App Synopsis","google_play","TOP_FREE","quick.quicklauncher.com","https://play.google.com/store/apps/details?id=quick.quicklauncher.com","189_Device_Homescreen_-_Fluent.png"
"190","Love Test - Compatibility Test","GeniusTools Labs","google_play","TOP_FREE","com.LoveMaker.TrueLoveTest","https://play.google.com/store/apps/details?id=com.LoveMaker.TrueLoveTest","190_Love_Test_-_Compatibility_Test.png"
"191","Volume Booster - Sound Booster","360 Tool","google_play","TOP_FREE","volumebooster.soundspeaker.louder","https://play.google.com/store/apps/details?id=volumebooster.soundspeaker.louder","191_Volume_Booster_-_Sound_Booster.png"
"192","Cross DJ - Music Mixer App","MIXVIBES","google_play","TOP_FREE","com.mixvibes.crossdjfree","https://play.google.com/store/apps/details?id=com.mixvibes.crossdjfree","192_Cross_DJ_-_Music_Mixer_App.png"
"193","Groovepad - Music Maker","Easybrain","google_play","TOP_FREE","com.easybrain.make.music","https://play.google.com/store/apps/details?id=com.easybrain.make.music","193_Groovepad_-_Music_Maker.png"
"194","Document Reader: PDF, DOC, XLS","QR Code Scanner.","google_play","TOP_FREE","all.documentreader.filereader.office.viewer","https://play.google.com/store/apps/details?id=all.documentreader.filereader.office.viewer","194_Document_Reader_PDF,_DOC,_XLS.png"
"195","KJV Bible: Audio+Verse","JSK Developer","google_play","TOP_FREE","com.liotek.lannbible","https://play.google.com/store/apps/details?id=com.liotek.lannbible","195_KJV_Bible_Audio+Verse.png"
"196","GoodShort - Short Dramas Hub","GoodNovel","google_play","TOP_FREE","com.newreading.goodreels","https://play.google.com/store/apps/details?id=com.newreading.goodreels","196_GoodShort_-_Short_Dramas_Hub.png"
"197","Recover Deleted Messages Data","Anderson Tony","google_play","TOP_FREE","com.recovery.recoverymessages2025","https://play.google.com/store/apps/details?id=com.recovery.recoverymessages2025","197_Recover_Deleted_Messages_Data.png"
"198","FL Studio Mobile","Image-Line","google_play","TOP_PAID","com.imageline.FLM","https://play.google.com/store/apps/details?id=com.imageline.FLM","198_FL_Studio_Mobile.png"
"199","Torque Pro (OBD 2 & Car)","Ian Hawkins","google_play","TOP_PAID","org.prowl.torque","https://play.google.com/store/apps/details?id=org.prowl.torque","199_Torque_Pro_(OBD_2_&_Car).png"
"200","e-Sword: Bible Study to Go","Rick Meyers","google_play","TOP_PAID","net.esword.esword","https://play.google.com/store/apps/details?id=net.esword.esword","200_e-Sword_Bible_Study_to_Go.png"
"201","Glass Widgets","AppsLab Co.","google_play","TOP_PAID","com.appslab.glass.widgets","https://play.google.com/store/apps/details?id=com.appslab.glass.widgets","201_Glass_Widgets.png"
"202","Game Booster 4x Faster Pro","G19 Mobile","google_play","TOP_PAID","com.g19mobile.gameboosterplus","https://play.google.com/store/apps/details?id=com.g19mobile.gameboosterplus","202_Game_Booster_4x_Faster_Pro.png"
"203","Sasol eBirds Southern Africa","mydigitalearth.com","google_play","TOP_PAID","com.mydigitalearth.ebirds","https://play.google.com/store/apps/details?id=com.mydigitalearth.ebirds","203_Sasol_eBirds_Southern_Africa.png"
"204","OneUI Widgets","JustNewDesigns","google_play","TOP_PAID","com.jndapp.oneui.widgets.pack","https://play.google.com/store/apps/details?id=com.jndapp.oneui.widgets.pack","204_OneUI_Widgets.png"
"205","DarkGlass Widgets","AppsLab Co.","google_play","TOP_PAID","com.appslab.darkglass.widgets","https://play.google.com/store/apps/details?id=com.appslab.darkglass.widgets","205_DarkGlass_Widgets.png"
"206","PhET Simulations","University of Colorado Boulder","google_play","TOP_PAID","edu.colorado.phet.androidApp","https://play.google.com/store/apps/details?id=edu.colorado.phet.androidApp","206_PhET_Simulations.png"
"207","MINIMAA: Minimalist Launcher","Pickerry Apps","google_play","TOP_PAID","com.minimaa.minimal.detox.launcher","https://play.google.com/store/apps/details?id=com.minimaa.minimal.detox.launcher","207_MINIMAA_Minimalist_Launcher.png"
"208","WTW M17 Hybrid Watch Face","WTW Design","google_play","TOP_PAID","wfs.wtw.m17","https://play.google.com/store/apps/details?id=wfs.wtw.m17","208_WTW_M17_Hybrid_Watch_Face.png"
"209","Penly: Digital Planner & Notes","Penly","google_play","TOP_PAID","com.penly.penly","https://play.google.com/store/apps/details?id=com.penly.penly","209_Penly_Digital_Planner_&_Notes.png"
"210","Hybrid TAG Carrera Watch face","Magnum Watch Faces","google_play","TOP_PAID","com.watchfacestudio.noda","https://play.google.com/store/apps/details?id=com.watchfacestudio.noda","210_Hybrid_TAG_Carrera_Watch_face.png"
"211","Official Bus/Truck DTT Ireland","Prometric Ireland LTD","google_play","TOP_PAID","com.prometric.odtt.truckbus24","https://play.google.com/store/apps/details?id=com.prometric.odtt.truckbus24","211_Official_BusTruck_DTT_Ireland.png"
"212","Threema. The Secure Messenger","Threema GmbH","google_play","TOP_PAID","ch.threema.app","https://play.google.com/store/apps/details?id=ch.threema.app","212_Threema._The_Secure_Messenger.png"
"213","OnePro (Dark) - Icon Pack","Eatos","google_play","TOP_PAID","com.eatos.onedarkpro","https://play.google.com/store/apps/details?id=com.eatos.onedarkpro","213_OnePro_(Dark)_-_Icon_Pack.png"
"214","Galaxy Widgets: One UI","AppsLab Co.","google_play","TOP_PAID","com.appslab.galaxy.oneui.widgets","https://play.google.com/store/apps/details?id=com.appslab.galaxy.oneui.widgets","214_Galaxy_Widgets_One_UI.png"
"215","KrugerExplorer","Explorer Apps","google_play","TOP_PAID","com.kruger.explorer","https://play.google.com/store/apps/details?id=com.kruger.explorer","215_KrugerExplorer.png"
"216","True Liquid Glass","Peace Among Us","google_play","TOP_PAID","com.pau.liqglass","https://play.google.com/store/apps/details?id=com.pau.liqglass","216_True_Liquid_Glass.png"
"217","TAG AUTOMATIC Watch face","PRIME Watch Face","google_play","TOP_PAID","com.watchfacestudio.tag_carrera","https://play.google.com/store/apps/details?id=com.watchfacestudio.tag_carrera","217_TAG_AUTOMATIC_Watch_face.png"
"218","TAG CARRERA Hybrid Watch Face","PiT Watch Faces","google_play","TOP_PAID","com.watchfacestudio.nocat","https://play.google.com/store/apps/details?id=com.watchfacestudio.nocat","218_TAG_CARRERA_Hybrid_Watch_Face.png"
"219","Tasker","joaomgcd","google_play","TOP_PAID","net.dinglisch.android.taskerm","https://play.google.com/store/apps/details?id=net.dinglisch.android.taskerm","219_Tasker.png"
"220","Official K53 Learner's Test","App Developer Studio","google_play","TOP_PAID","com.official.k53","https://play.google.com/store/apps/details?id=com.official.k53","220_Official_K53_Learner's_Test.png"
"221","3D Print Calc_FDM","3D Print enthusiast","google_play","TOP_PAID","com.wnapp.id1772452815452","https://play.google.com/store/apps/details?id=com.wnapp.id1772452815452","221_3D_Print_Calc_FDM.png"
"222","OneGlass 8 - Icon Pack","Eatos","google_play","TOP_PAID","com.eatos.oneglass","https://play.google.com/store/apps/details?id=com.eatos.oneglass","222_OneGlass_8_-_Icon_Pack.png"
"223","NewThing Widgets Pro","AppsLab Co.","google_play","TOP_PAID","com.appslab.nothing.widgetspro","https://play.google.com/store/apps/details?id=com.appslab.nothing.widgetspro","223_NewThing_Widgets_Pro.png"
"224","Fallout Pip-Boy SE Watch Face","Facer Studios","google_play","TOP_PAID","com.facer.pipboy_se","https://play.google.com/store/apps/details?id=com.facer.pipboy_se","224_Fallout_Pip-Boy_SE_Watch_Face.png"
"225","PER49 Digital Watch Face","PERSONA Watch Face","google_play","TOP_PAID","com.watchfacestudio.per49","https://play.google.com/store/apps/details?id=com.watchfacestudio.per49","225_PER49_Digital_Watch_Face.png"
"226","Kruger Birding by Firefinch","Firefinch","google_play","TOP_PAID","com.firefinchapp.app.kruger","https://play.google.com/store/apps/details?id=com.firefinchapp.app.kruger","226_Kruger_Birding_by_Firefinch.png"
"227","Nothing Watch Face 2.0","SOC Creations","google_play","TOP_PAID","com.nothingwatchface2","https://play.google.com/store/apps/details?id=com.nothingwatchface2","227_Nothing_Watch_Face_2.0.png"
"228","Mirror Study Bible","MirrorBible","google_play","TOP_PAID","com.mirrorstudybible","https://play.google.com/store/apps/details?id=com.mirrorstudybible","228_Mirror_Study_Bible.png"
"229","Glass Widgets Pro","JustNewDesigns","google_play","TOP_PAID","com.jndapp.neon.glass.pack","https://play.google.com/store/apps/details?id=com.jndapp.neon.glass.pack","229_Glass_Widgets_Pro.png"
"230","Monash University FODMAP diet","Monash University Low FODMAP diet team","google_play","TOP_PAID","com.monashuniversity.fodmap","https://play.google.com/store/apps/details?id=com.monashuniversity.fodmap","230_Monash_University_FODMAP_diet.png"
"231","Downloader - Android TV","FlagAppCompany","google_play","TOP_PAID","com.schue.downloader.tv","https://play.google.com/store/apps/details?id=com.schue.downloader.tv","231_Downloader_-_Android_TV.png"
"232","NFC Tools - Pro Edition","wakdev","google_play","TOP_PAID","com.wakdev.nfctools.pro","https://play.google.com/store/apps/details?id=com.wakdev.nfctools.pro","232_NFC_Tools_-_Pro_Edition.png"
"233","Tag Heuer Formula 1 Watch Face","PiT Watch Faces","google_play","TOP_PAID","com.watchfacestudio.alumofreh","https://play.google.com/store/apps/details?id=com.watchfacestudio.alumofreh","233_Tag_Heuer_Formula_1_Watch_Face.png"
"234","MT5 Forex Auto Robot EA Maker","Mahubele Ronald Seoka","google_play","TOP_PAID","com.k.fxpillmt5","https://play.google.com/store/apps/details?id=com.k.fxpillmt5","234_MT5_Forex_Auto_Robot_EA_Maker.png"
"235","ReadEra Premium – ebook reader","READERA LLC","google_play","TOP_PAID","org.readera.premium","https://play.google.com/store/apps/details?id=org.readera.premium","235_ReadEra_Premium_–_ebook_reader.png"
"236","Site Audit Pro","Veam Studios Ltd","google_play","TOP_PAID","com.veamstudios.siteauditpro","https://play.google.com/store/apps/details?id=com.veamstudios.siteauditpro","236_Site_Audit_Pro.png"
"237","Rolex Daytona Watch face","ROLEX & OMEGA Inc.","google_play","TOP_PAID","com.watchfacestudio.dyatona_veils","https://play.google.com/store/apps/details?id=com.watchfacestudio.dyatona_veils","237_Rolex_Daytona_Watch_face.png"
"238","Inky - Run Inkscape on Android","UserLAnd Technologies","google_play","TOP_PAID","tech.ula.inkscape","https://play.google.com/store/apps/details?id=tech.ula.inkscape","238_Inky_-_Run_Inkscape_on_Android.png"
"239","Headunit Reloaded Emulator HUR","AAWireless","google_play","TOP_PAID","gb.xxy.hr","https://play.google.com/store/apps/details?id=gb.xxy.hr","239_Headunit_Reloaded_Emulator_HUR.png"
"240","JB4 Mobile","Dmac Mobile Developments, LLC","google_play","TOP_PAID","com.dmacpro91.jb4_mobile","https://play.google.com/store/apps/details?id=com.dmacpro91.jb4_mobile","240_JB4_Mobile.png"
"241","Tag Carrera GT watch face","GoWer watch faces","google_play","TOP_PAID","com.watchfacestudio.cargtgat3","https://play.google.com/store/apps/details?id=com.watchfacestudio.cargtgat3","241_Tag_Carrera_GT_watch_face.png"
"242","S4U Assen - Hybrid watch face","styles4you","google_play","TOP_PAID","com.watchfacestudio.s4uassen","https://play.google.com/store/apps/details?id=com.watchfacestudio.s4uassen","242_S4U_Assen_-_Hybrid_watch_face.png"
"243","SkyView® Explore the Universe","Terminal Eleven LLC","google_play","TOP_PAID","com.t11.skyview","https://play.google.com/store/apps/details?id=com.t11.skyview","243_SkyView®_Explore_the_Universe.png"
"244","PER32 Ultra Hybrid Watch Face","PERSONA Watch Face","google_play","TOP_PAID","com.watchfacestudio.per32","https://play.google.com/store/apps/details?id=com.watchfacestudio.per32","244_PER32_Ultra_Hybrid_Watch_Face.png"
"245","Love, Manuela The Baking APP","Manuela Kjeilen","google_play","TOP_PAID","com.app.lovemanuela","https://play.google.com/store/apps/details?id=com.app.lovemanuela","245_Love,_Manuela_The_Baking_APP.png"
"246","TeamSpeak 3 - Voice Chat","TeamSpeak Systems, Inc.","google_play","TOP_PAID","com.teamspeak.ts3client","https://play.google.com/store/apps/details?id=com.teamspeak.ts3client","246_TeamSpeak_3_-_Voice_Chat.png"
"247","Solocator - GPS Field Camera","Civi Corp","google_play","TOP_PAID","com.solocator","https://play.google.com/store/apps/details?id=com.solocator","247_Solocator_-_GPS_Field_Camera.png"
"248","Crimson Atlas - Crimson Desert","Made by Allan","google_play","TOP_PAID","app.crimsondesertmap.crimson_desert_map","https://play.google.com/store/apps/details?id=app.crimsondesertmap.crimson_desert_map","248_Crimson_Atlas_-_Crimson_Desert.png"
"249","PhotoPills","PhotoPills, SL","google_play","TOP_PAID","com.photopills.android.photopills","https://play.google.com/store/apps/details?id=com.photopills.android.photopills","249_PhotoPills.png"
"250","Launcher OS™ Pro","Apps Genz","google_play","TOP_PAID","com.appsgenz.launcherios.pro","https://play.google.com/store/apps/details?id=com.appsgenz.launcherios.pro","250_Launcher_OS™_Pro.png"
"251","Ballistic X","Nomad Innovations, LLC","google_play","TOP_PAID","com.ballisticx.ballisticxapp","https://play.google.com/store/apps/details?id=com.ballisticx.ballisticxapp","251_Ballistic_X.png"
"252","CDisplayEx Comic Reader","Progdigy Software","google_play","TOP_PAID","com.progdigy.cdisplay","https://play.google.com/store/apps/details?id=com.progdigy.cdisplay","252_CDisplayEx_Comic_Reader.png"
"253","Pro Emulator for Game Consoles","Browser by Fulldive Co.","google_play","TOP_PAID","com.fulldive.extension.fullroid.pro","https://play.google.com/store/apps/details?id=com.fulldive.extension.fullroid.pro","253_Pro_Emulator_for_Game_Consoles.png"
"254","Spirit Talker ™","Spotted: Ghosts","google_play","TOP_PAID","com.SpottedGhosts.SpiritTalker","https://play.google.com/store/apps/details?id=com.SpottedGhosts.SpiritTalker","254_Spirit_Talker_™.png"
"255","DarkGlass Icon Pack","AppsLab Co.","google_play","TOP_PAID","com.appslab.darkglass.iconpack","https://play.google.com/store/apps/details?id=com.appslab.darkglass.iconpack","255_DarkGlass_Icon_Pack.png"
"256","Game Booster VIP Lag Fix & GFX","TOLAN","google_play","TOP_PAID","com.booster.gfxpro","https://play.google.com/store/apps/details?id=com.booster.gfxpro","256_Game_Booster_VIP_Lag_Fix_&_GFX.png"
"257","Glass Icon Pack","AppsLab Co.","google_play","TOP_PAID","com.appslab.glass.iconpack","https://play.google.com/store/apps/details?id=com.appslab.glass.iconpack","257_Glass_Icon_Pack.png"
"258","Groundwire: VoIP SIP Softphone","Acrobits, s.r.o.","google_play","TOP_PAID","cz.acrobits.softphone.aliengroundwire","https://play.google.com/store/apps/details?id=cz.acrobits.softphone.aliengroundwire","258_Groundwire_VoIP_SIP_Softphone.png"
"259","Network Analyzer Pro","Jiri Techet","google_play","TOP_PAID","net.techet.netanalyzer.an","https://play.google.com/store/apps/details?id=net.techet.netanalyzer.an","259_Network_Analyzer_Pro.png"
"260","OneUi 8.5 Dark Icons","AppixoStudio","google_play","TOP_PAID","com.oneui.os.dark.icons","https://play.google.com/store/apps/details?id=com.oneui.os.dark.icons","260_OneUi_8.5_Dark_Icons.png"
"261","Stuarts' Tracks & Scats SA","mydigitalearth.com","google_play","TOP_PAID","com.mydigitalearth.stas","https://play.google.com/store/apps/details?id=com.mydigitalearth.stas","261_Stuarts'_Tracks_&_Scats_SA.png"
"262","QZ (qdomyos-zwift)","Roberto Viola - Cagnulein","google_play","TOP_PAID","org.cagnulen.qdomyoszwift","https://play.google.com/store/apps/details?id=org.cagnulen.qdomyoszwift","262_QZ_(qdomyos-zwift).png"
"263","AlpineQuest Off-Road Explorer","Psyberia","google_play","TOP_PAID","psyberia.alpinequest.full","https://play.google.com/store/apps/details?id=psyberia.alpinequest.full","263_AlpineQuest_Off-Road_Explorer.png"
"264","E-burn Premium","Alkemiga","google_play","TOP_PAID","com.breakfirst.eburnpremium","https://play.google.com/store/apps/details?id=com.breakfirst.eburnpremium","264_E-burn_Premium.png"
"265","The Blood Type Diet®","North American Pharmacal, Inc.","google_play","TOP_PAID","com.northamericanpharmacal.btd","https://play.google.com/store/apps/details?id=com.northamericanpharmacal.btd","265_The_Blood_Type_Diet®.png"
"266","Headunit Revived","André Rinas","google_play","TOP_PAID","com.andrerinas.headunitrevived","https://play.google.com/store/apps/details?id=com.andrerinas.headunitrevived","266_Headunit_Revived.png"
"267","Wildlife Southern Africa","mydigitalearth.com","google_play","TOP_PAID","com.mydigitalearth.ewildlife","https://play.google.com/store/apps/details?id=com.mydigitalearth.ewildlife","267_Wildlife_Southern_Africa.png"
"268","Lithium Pro","FaultException","google_play","TOP_PAID","com.faultexception.reader.pro","https://play.google.com/store/apps/details?id=com.faultexception.reader.pro","268_Lithium_Pro.png"
"269","10bii Financial Calculator","In A Day Development","google_play","TOP_PAID","com.inadaydevelopment.cashcalculator","https://play.google.com/store/apps/details?id=com.inadaydevelopment.cashcalculator","269_10bii_Financial_Calculator.png"
"270","iWhite OS Icon Pack","PizzApp Design","google_play","TOP_PAID","com.italiano.iwhite","https://play.google.com/store/apps/details?id=com.italiano.iwhite","270_iWhite_OS_Icon_Pack.png"